USE cArDorm
GO

INSERT INTO [MsVendor] VALUES
('VE001', 'PT Mobil99', 'contact.mobil99@gmail.com', '+6261663699', 'Jl. Raya Pasar Minggu No.7, Jakarta Selatan, 12520'),
('VE002', 'PT JayaMobil', 'jaya.mobil@gmail.com', '+6261810273', 'Jl. Jend. Gatot Subroto No. 220, Medan, 20213'),
('VE003', 'PT Maju Seraya', 'majuseraya@gmail.com', '+6261389714', 'Jl. Gunung Krakatau No. 22 A, Krakatau, Medan'),
('VE004', 'PT Asri Mobil', 'ASRIMOBIL@yahoo.com', '+6261671031', 'Jl. R.C. Veteran No.24 Bintaro, Jakarta Selatan, 12330'),
('VE005', 'PT Automotive', 'contact.automotive@gmail.com', '+6279146108', 'Jl. Raya Pajajaran, Bogor, 16153'),
('VE006', 'PT OTOCar', 'otocar.hub@gmail.com', '+6201837193', 'Jl. Raya Bogor Km 43, Cibinong, Bogor, 16919'),
('VE007', 'PT MightyPioneer', 'pioneer.car@yahoo.com', '+6271916301', 'Jl. S.M. Amien No. 13 - Simpang Baru - Kec. Tampan, Pekanbaru, 28293'),
('VE008', 'PT Perintis Perkasa', 'PerintisPerkasa@gmail.com', '+6281910183', 'Jl. Dr. Djundjunan No. 192, Bandung, 40163'),
('VE009', 'PT Deltamas Tayato', 'Delta.tayato@yahoo.com', '+6291183610', 'Jl. M.H. Thamrin Blok B2/2, Sektor VII, Pusat Kawasan Niaga, Tangerang, 15224'),
('VE010', 'PT Auto2000', 'email.auto200@gmail.com', '+6204710281', 'Jl. Phh Musthofa No. 6, Bandung')

INSERT INTO [MsCustomer] VALUES
('CU001', 'Catherine', 'Female', 'Gg. Lada No. 477', '0878 7796 0154', 'catherine@gmail.com'),
('CU002', 'Wendy Morgana', 'Female', 'Kpg. Otista No. 671', '0861 0060 1943', 'wendy.morgana@gmail.com'),
('CU003', 'Joy Piper', 'Female', 'Dk. Sukabumi No. 542', '0846 9818 5318', 'joypiper@gmail.com'),
('CU004', 'John Alder', 'Male', 'Ki. Jambu No. 872', '0847 6809 5550', 'alder.john@gmail.com'),
('CU005', 'August Cena', 'Male', 'Ds. Achmad No. 286', '0895 5831 1687', 'august.cena@yahoo.com'),
('CU006', 'Richard Bellman', 'Male', 'Kpg. Sutoyo No. 956', '0840 4143 0894', 'rbellman@yahoo.com'),
('CU007', 'Albert Grace', 'Male', 'Ki. Rajawali Barat No. 101', '0830 7232 7546', 'albertgrace@gmail.com'),
('CU008', 'Jason', 'Male', 'Psr. Juanda No. 166', '0845 0410 1728', 'jason0323@gmail.com'),
('CU009', 'Meredith White', 'Female', 'Dk. Cikutra Barat No. 308', '0847 1103 9971', 'meredithwhite@gmail.com'),
('CU010', 'Thomas Baker', 'Male', 'Psr. Madiun No. 299', '0849 8522 6484', 'thomas.baker@gmail.com')

INSERT INTO [MsStaff] VALUES
('ST001', 'Bima Mansur', 'Male', 'bima.mansur@gmail.com', '0805 6478 8843', 'Ki. Villa No. 36', 5500000),
('ST002', 'Saiful Citra', 'Male', 'saifulcitra123@gmail.com', '0808 7264 5398', 'Ki. HOS. Cjokroaminoto (Pasirkaliki) No. 852', 7000000),
('ST003', 'Dewi Sari', 'Female', 'dewi.sari@gmail.com', '0817 5626 6190', 'Ki. Banda No. 741', 6000000),
('ST004', 'David Anderson', 'Male', 'davidanderson02@gmail.com', '0815 8546 0579', 'Psr. Hasanuddin No. 63', 6500000),
('ST005', 'Nur Latifah', 'Female', 'nurlatifah@yahoo.com', '0820 0483 6041', 'Ki. Baik No. 931', 8000000),
('ST006', 'Sri Ratu', 'Female', 'sriratu@gmail.com', '0893 8444 3164', 'Ds. Pasir Koja No. 913', 9500000),
('ST007', 'Fatimah Tri', 'Female', 'fatimahtri@gmail.com', '0827 2491 5102', 'Dk. R.E. Martadinata No. 380', 7600000),
('ST008', 'Dave Sugianto', 'Male', 'davesugianto@yahoo.com', '0803 8596 1462', 'Jln. Flora No. 484', 8900000),
('ST009', 'Dennis', 'Male', 'dennis@gmail.com', '0806 6004 6676', 'Jln. Ronggowarsito No. 744', 6200000),
('ST010', 'Karina Kim', 'Female', 'karinakim@gmail.com', '0888 8902 1830', 'Jln. Baja Raya No. 793', 7000000)

INSERT INTO [MsBrand] VALUES
('CB001', 'Tayato'),
('CB002', 'Dihatsu'),
('CB003', 'Nassin'),
('CB004', 'Mutsibushu'),
('CB005', 'Uadi'),
('CB006', 'Chovrelot'),
('CB007', 'Vilvi'),
('CB008', 'Masdah'),
('CB009', 'Kai'),
('CB010', 'Luxes')

INSERT INTO [MsCar] VALUES
('CA001', 'CB003', 'Kijang', 200000000, 32),
('CA002', 'CB002', 'Sirion', 250000000,	20),
('CA003', 'CB005', 'Serena', 600000000,	23),
('CA004', 'CB001', 'Outlander', 630000000, 35),
('CA005', 'CB004', 'A3', 1240000000, 12),
('CA006', 'CB004', 'Camaro', 960000000, 29),
('CA007', 'CB008', 'XC90', 720000000, 36),
('CA008', 'CB009', 'CX-50', 570000000, 45),
('CA009', 'CB010', 'Sorento', 290000000, 27),
('CA010', 'CB007', 'LC 500', 2500000000, 5),
('CA011', 'CB003', 'XL7', 600000000, 50),
('CA012', 'CB006', 'Xpander', 750000000, 100),
('CA013', 'CB001', 'Civic', 50000000, 25),
('CA014', 'CB010', 'CRV', 370000000, 43),
('CA015', 'CB009', 'HRV', 135000000, 22)

INSERT INTO [PurchaseHeader] VALUES
('PU001', 'ST008', 'VE001', '2018-03-15'),
('PU002', 'ST002', 'VE002', '2018-05-20'),
('PU003', 'ST002', 'VE002', '2018-05-25'),
('PU004', 'ST003', 'VE003', '2018-10-07'),
('PU005', 'ST006', 'VE004', '2018-12-30'),
('PU006', 'ST008', 'VE005', '2019-02-11'),
('PU007', 'ST010', 'VE006', '2019-02-16'),
('PU008', 'ST002', 'VE007', '2019-05-27'),
('PU009', 'ST001', 'VE008', '2020-04-03'),
('PU010', 'ST005', 'VE009', '2020-06-17'),
('PU011', 'ST001', 'VE009', '2021-04-12'),
('PU012', 'ST005', 'VE010', '2021-05-05'),
('PU013', 'ST007', 'VE001', '2021-06-07'),
('PU014', 'ST003', 'VE004', '2021-06-28'),
('PU015', 'ST010', 'VE010', '2021-07-02'),
('PU016', 'ST002', 'VE008', '2021-07-09'),
('PU017', 'ST005', 'VE007', '2021-07-20'),
('PU018', 'ST009', 'VE009', '2021-07-28'),
('PU019', 'ST001', 'VE006', '2021-07-30'),
('PU020', 'ST001', 'VE008', '2021-11-21'),
('PU021', 'ST004', 'VE002', '2021-12-01'),
('PU022', 'ST007', 'VE005', '2021-12-08'),
('PU023', 'ST010', 'VE004', '2021-12-28'),
('PU024', 'ST003', 'VE001', '2022-01-03'),
('PU025', 'ST006', 'VE010', '2020-01-04')

INSERT INTO [TransactionHeader] VALUES
('TR001', 'ST001', 'CU010', '2018-04-15'),
('TR002', 'ST005', 'CU009', '2018-04-23'),
('TR003', 'ST001', 'CU002', '2018-04-29'),
('TR004', 'ST003', 'CU004', '2018-07-08'),
('TR005', 'ST004', 'CU003', '2019-01-23'),
('TR006', 'ST001', 'CU001', '2019-03-11'),
('TR007', 'ST010', 'CU010', '2019-05-30'),
('TR008', 'ST005', 'CU005', '2019-09-18'),
('TR009', 'ST008', 'CU006', '2019-12-12'),
('TR010', 'ST009', 'CU001', '2020-02-04'),
('TR011', 'ST007', 'CU004', '2020-02-05'),
('TR012', 'ST005', 'CU007', '2020-04-19'),
('TR013', 'ST003', 'CU004', '2020-08-29'),
('TR014', 'ST006', 'CU005', '2021-01-10'),
('TR015', 'ST008', 'CU010', '2021-01-24'),
('TR016', 'ST010', 'CU006', '2021-03-01'),
('TR017', 'ST004', 'CU005', '2021-06-17'),
('TR018', 'ST007', 'CU001', '2021-08-17'),
('TR019', 'ST001', 'CU010', '2021-09-12'),
('TR020', 'ST004', 'CU009', '2021-11-23'),
('TR021', 'ST004', 'CU001', '2021-11-29'),
('TR022', 'ST010', 'CU005', '2021-12-03'),
('TR023', 'ST009', 'CU009', '2021-12-15'),
('TR024', 'ST009', 'CU010', '2021-12-19'),
('TR025', 'ST001', 'CU003', '2021-12-30')

INSERT INTO [PurchaseDetail] VALUES
('PU001', 'CA014', 3),
('PU002', 'CA003', 1),
('PU003', 'CA005', 3),
('PU004', 'CA009', 1),
('PU004', 'CA014', 3),
('PU005', 'CA004', 2),
('PU006', 'CA001', 3),
('PU007', 'CA007', 2),
('PU008', 'CA008', 1),
('PU009', 'CA001', 3),
('PU010', 'CA009', 2),
('PU011', 'CA004', 1),
('PU012', 'CA002', 4),
('PU013', 'CA001', 1),
('PU014', 'CA008', 3),
('PU015', 'CA007', 2),
('PU016', 'CA010', 5),
('PU017', 'CA005', 1),
('PU018', 'CA006', 2),
('PU019', 'CA007', 3),
('PU020', 'CA010', 2),
('PU021', 'CA009', 1),
('PU022', 'CA003', 2),
('PU023', 'CA001', 1),
('PU024', 'CA010', 2),
('PU025', 'CA005', 1)

INSERT INTO [TransactionDetail] VALUES
('TR001', 'CA003', 1),
('TR002', 'CA009', 1),
('TR003', 'CA005', 1),
('TR004', 'CA001', 1),
('TR005', 'CA009', 1),
('TR006', 'CA009', 1),
('TR007', 'CA002', 1),
('TR008', 'CA014', 1),
('TR008', 'CA012', 1),
('TR009', 'CA001', 3),
('TR010', 'CA013', 1),
('TR011', 'CA002', 4),
('TR012', 'CA006', 2),
('TR013', 'CA008', 1),
('TR014', 'CA010', 2),
('TR015', 'CA004', 1),
('TR016', 'CA007', 2),
('TR017', 'CA011', 3),
('TR018', 'CA015', 2),
('TR019', 'CA015', 1),
('TR020', 'CA001', 1),
('TR020', 'CA003', 1),
('TR021', 'CA002', 2),
('TR022', 'CA007', 1),
('TR023', 'CA009', 1),
('TR024', 'CA012', 1),
('TR025', 'CA003', 1)